user_id,trade_id,open_time,close_time,pair,direction,lot_size,entry_price,exit_price,stop_loss,take_profit,pnl,trade_duration,open_hour,day_of_week,price_change,return_pct,risk,reward,rr_ratio,profit_per_lot,is_profit,direction_encoded
TRADER001,1,2026-01-15 09:30:00,2026-01-15 10:15:00,EUR/USD,BUY,0.0,-0.0012195240297439265,-0.0011686781785411274,-0.0012824110481691278,-0.0010989060821982245,0.10963647952795016,0.0,-0.2,-0.5,0.054181837594623944,0.2263193054345035,-0.019910989395288237,-0.011846836295390779,0.02444347350702354,0.024142713574781725,1,1
TRADER001,2,2026-01-15 10:45:00,2026-01-15 11:02:00,EUR/USD,SELL,1.2178299860231834,-0.0011858148048437304,-0.0012225653568023898,-0.0011811258366197462,-0.0012335346987003043,-1.3147606749951555,-0.26666666666666666,0.0,-0.5,-0.4984688660103904,-1.1717239658941463,-0.019910989395288237,-0.0018924922394446435,1.0240476310523206,-1.0225582848897996,0,0
TRADER001,3,2026-01-15 11:05:00,2026-01-15 11:28:00,GBP/JPY,BUY,4.871319944092734,1.2420778179641636,1.2322414732489277,1.2473616769326157,1.2233820181583417,-1.862605734427119,-0.20952380952380953,0.2,-0.5,-55.42344648583178,-1.1329501022486295,0.9800890106047122,4.94541650356567,3.024245552279494,-0.9212659396295324,0,1
TRADER001,4,2026-01-15 14:20:00,2026-01-15 15:10:00,EUR/USD,BUY,0.0,-0.0012161531072539073,-0.0011619422812584705,-0.0012790348744508154,-0.001095540366785673,0.16442098547114653,0.047619047619047616,0.8,-0.5,0.07543763388712196,0.27996920110316587,-0.019910989395288237,-0.011846836295390779,0.02444347350702354,0.07478944894754495,1,1
TRADER001,5,2026-01-15 15:45:00,2026-01-15 16:30:00,USD/JPY,SELL,0.0,0.9973488451887448,1.0005266067254999,1.0022514649831105,0.992493940857275,-1.09562265122237,0.0,1.0,-0.5,25.348579425671005,0.15765046214570638,0.9800890106047122,0.9636788811873079,-0.9749627628109218,-1.090085464626009,0,0
TRADER001,6,2026-01-16 09:15:00,2026-01-16 10:00:00,EUR/USD,BUY,0.0,-0.0012094112622738676,-0.0011585743326171418,-0.0012722825270141908,-0.001088808935960568,0.10963647952795016,0.0,-0.2,0.0,0.05418183759461451,0.22557485380912362,-0.01991098939528779,-0.011846836295390779,0.024443473506934963,0.024142713574781725,1,1
TRADER001,7,2026-01-16 11:20:00,2026-01-16 12:05:00,GBP/USD,SELL,0.0,-5.991933336892086e-06,3.0311537771959733e-05,5.349647897141477e-07,1.1780003943932914e-05,-0.7669156155631918,0.0,0.2,0.0,-0.03084134757537754,-0.03541026939700467,-0.01991098939528779,-0.021801180351336914,-0.9751606840383176,-0.7862050523894297,0,0
TRADER001,8,2026-01-16 13:40:00,2026-01-16 14:25:00,EUR/USD,BUY,0.0,-0.0012060403397838484,-0.0012225653568023898,-0.001268906353295877,-0.0011191003746735357,-0.9860536393359772,0.0,0.6,0.0,-0.3709340882553835,-0.8511508035759675,-0.019910989395288237,-0.021801180351336474,-0.975160684038229,-0.9887919938804826,0,1
TRADER001,9,2026-01-16 14:30:00,2026-01-16 14:48:00,EUR/USD,BUY,2.435659972046367,-0.0012363786421940239,-0.0012394051000090354,-0.0012992919167606927,-0.0011493918133865047,-1.09562265122237,-0.2571428571428571,0.8,0.0,-0.28591090308539147,-0.6371977007304885,-0.01991098939528779,-0.021801180351336914,-0.9751606840383176,-0.786206571783894,0,1
TRADER001,10,2026-01-17 10:00:00,2026-01-17 11:30:00,EUR/USD,BUY,0.0,-0.001246491409664083,-0.0011956217676717586,-0.0013094204379156297,-0.0011258318054986403,0.10963647952795016,0.42857142857142855,0.0,0.5,0.054181837594623944,0.22831461025337285,-0.019910989395288237,-0.011846836295390779,0.02444347350702354,0.024142713574781725,1,1
TRADER001,11,2026-01-17 14:15:00,2026-01-17 15:00:00,GBP/JPY,SELL,0.0,1.2467971094501908,1.2423453191729146,1.2520883201382536,1.2381911659735705,0.10963647952795016,0.0,0.8,0.5,-21.414172417830738,-0.627125448674771,0.9800890106047122,1.9591132867818986,0.024839315961682276,0.024142713574781725,1,0
TRADER001,12,2026-01-18 09:30:00,2026-01-18 10:15:00,USD/JPY,BUY,0.0,0.9993713986827566,1.0015369913178984,0.9975248217774728,1.0012448009299102,0.054851973584753806,0.0,-0.2,1.0,18.97184053791945,0.03930168703665004,0.9800890106047122,0.9636788811873079,-0.9749627628109218,-0.026504021797981503,1,1
TRADER001,13,2026-01-18 11:00:00,2026-01-18 11:45:00,EUR/USD,SELL,0.0,-0.0012026694172938292,-0.0012191974081610614,-0.0011980067052113096,-0.0012167061216375446,0.10963647952795016,0.0,0.2,1.0,-0.3709340882553835,-0.8509033373774798,-0.01991098939528779,-0.011846836295390779,0.024443473506934963,0.024142713574781725,1,0
TRADER001,14,2026-01-18 13:20:00,2026-01-18 14:10:00,GBP/USD,BUY,0.0,7.491756623186092e-06,5.051922961993239e-05,-5.3483814703289785e-05,0.00012621432797069998,6.746764155743837e-05,0.047619047619047616,0.6,1.0,0.011670245009618484,0.05650618799765156,-0.019910989395288237,-0.011846836295390779,0.02444347350702354,-0.07715075717074472,1,1
TRADER001,15,2026-01-19 09:45:00,2026-01-19 10:30:00,EUR/USD,BUY,0.0,-0.0012330077197040047,-0.001182149973106443,-0.0012959157430423788,-0.0011123689438484324,0.10963647952795016,0.0,-0.2,-2.0,0.054181837594623944,0.22731511545721717,-0.019910989395288237,-0.011846836295390779,0.02444347350702354,0.024142713574781725,1,1
TRADER001,16,2026-01-19 14:00:00,2026-01-19 14:55:00,USD/JPY,SELL,0.0,1.0007197676787642,0.996485068355905,1.0056276387014234,0.992493940857275,0.10963647952795016,0.09523809523809523,0.8,-2.0,-21.414172417830738,-0.7037373216110339,0.9800890106047122,1.9591132867818986,0.024839315961682276,0.024142713574781725,1,0
TRADER001,17,2026-01-22 09:20:00,2026-01-22 10:05:00,EUR/USD,BUY,0.0,-0.0012228949522339458,-0.0012394051000090354,-0.0012857872218874416,-0.0011359289517362968,-0.9860536393359772,0.0,-0.2,-0.5,-0.3709340882553929,-0.8523915573374278,-0.01991098939528779,-0.021801180351336914,-0.9751606840383176,-0.9887919938804826,0,1
TRADER001,18,2026-01-22 11:30:00,2026-01-22 12:15:00,GBP/JPY,SELL,0.0,1.2441003714581753,1.2463868575425094,1.2493873811636036,1.238864309056081,-0.9860536393359772,0.0,0.2,-0.5,21.097420167169968,0.0019782605461884486,0.9800890106047122,0.9636788811873079,-0.9749627628109218,-0.9887919938804826,0,0
TRADER001,19,2026-01-22 14:25:00,2026-01-22 15:10:00,EUR/USD,BUY,0.0,-0.0012532332546441212,-0.0012023576649544173,-0.001316172785352256,-0.0011325632363237436,0.10963647952795016,0.0,0.8,-0.5,0.05418183759461451,0.22881574583864348,-0.01991098939528779,-0.011846836295390779,0.024443473506934963,0.024142713574781725,1,1
TRADER001,20,2026-01-23 10:10:00,2026-01-23 11:00:00,USD/JPY,BUY,0.0,0.9980230296867488,1.0001898118613668,0.9961743522901478,0.9998985147648896,0.054851973584753806,0.047619047619047616,0.0,0.0,18.97184053791945,0.03977350687442846,0.9800890106047122,0.9636788811873079,-0.9749627628109218,-0.026504021797981503,1,1
TRADER002,1,2026-01-15 09:00:00,2026-01-15 10:30:00,EUR/USD,BUY,-1.2178299860231836,-0.0012228949522339458,-0.0011720461271824574,-0.0012857872218874416,-0.0011022717976107762,-0.16428605018803166,0.42857142857142855,-0.2,-0.5,0.05418183759461451,0.22656791360750825,-0.01991098939528779,-0.011846836295390779,0.024443473506934963,0.02413764900253588,1,1
TRADER002,2,2026-01-15 11:15:00,2026-01-15 12:00:00,GBP/USD,SELL,-1.2178299860231836,-9.362855826911256e-06,4.041538369594681e-05,-2.8412089285982236e-06,8.414288531381294e-06,-0.7121311096199954,0.0,0.2,-0.5,0.054181837594623944,0.14977364521287317,-0.01991098939528779,-0.021801180351336914,-0.9751606840383176,-0.9887869293082368,0,0
TRADER002,3,2026-01-15 14:30:00,2026-01-15 15:45:00,USD/JPY,BUY,-1.2178299860231836,0.997011752939743,0.9988426324048354,0.9951615001746539,0.9988888001411239,-0.21907055613122803,0.2857142857142857,0.8,-0.5,16.84626090867014,0.0009015328088165813,0.9800890106047122,0.9636788811873079,-0.9749627628109218,-0.07715480882854135,1,1
TRADER002,4,2026-01-16 09:45:00,2026-01-16 10:50:00,EUR/USD,SELL,-1.2178299860231836,-0.0012060403397838484,-0.0012225653568023898,-0.001201382878929622,-0.0012200718370500962,-0.16428605018803166,0.19047619047619047,-0.2,0.0,-0.3709340882553835,-0.8511508035759675,-0.01991098939528779,-0.011846836295390779,0.024443473506934963,0.02413764900253588,1,0
TRADER002,5,2026-01-16 13:20:00,2026-01-16 14:35:00,GBP/JPY,BUY,-1.2178299860231836,1.2447745559561794,1.2463868575425094,1.2433102684706405,1.2462688829636952,-0.21907055613122803,0.2857142857142857,0.6,0.0,16.84626090867014,-0.06113526538516315,0.9800890106047122,0.9636788811873079,-0.9749627628109218,-0.07715480882854135,1,1
TRADER002,6,2026-01-17 10:15:00,2026-01-17 11:30:00,EUR/USD,BUY,-1.2178299860231836,-0.0012431204871740638,-0.0011922538190304302,-0.0013060442641973174,-0.001122466090086089,-0.16428605018803166,0.2857142857142857,0.0,0.5,0.054181837594623944,0.2280643899888707,-0.019910989395288237,-0.011846836295390779,0.02444347350702354,0.02413764900253588,1,1
TRADER002,7,2026-01-17 14:00:00,2026-01-17 15:15:00,USD/JPY,SELL,-1.2178299860231836,1.0000455831807604,0.9961482734917722,1.0049524039577609,0.9921573693160199,-0.19167830315962983,0.2857142857142857,0.8,0.5,-19.288592788580218,-0.6648898939290443,0.9800890106047122,1.8595698462224168,-0.07514089191560087,-0.02650857991300274,1,0
TRADER002,8,2026-01-18 09:30:00,2026-01-18 10:45:00,GBP/USD,BUY,-1.2178299860231836,7.499116431477517e-07,5.051922961993239e-05,-6.0236162139916027e-05,0.00011948289714559674,-0.16428605018803166,0.2857142857142857,-0.2,1.0,0.05418183759461451,0.1492254396831396,-0.01991098939528779,-0.011846836295390779,0.024443473506934963,0.02413764900253588,1,1
TRADER002,9,2026-01-18 13:50:00,2026-01-18 15:05:00,EUR/USD,SELL,-1.2178299860231836,-0.0011992984948038085,-0.001215829459519733,-0.001194630531492997,-0.0012133404062249916,-0.16428605018803166,0.2857142857142857,0.6,1.0,-0.3709340882553929,-0.8506560986295657,-0.019910989395288237,-0.011846836295390779,0.02444347350702354,0.02413764900253588,1,0
TRADER002,10,2026-01-19 10:20:00,2026-01-19 11:35:00,GBP/JPY,SELL,-1.2178299860231836,1.246122924952187,1.2416717294446487,1.251413085394591,1.23751802289106,-0.16428605018803166,0.2857142857142857,0.0,-2.0,-21.414172417830738,-0.6272942899573126,0.9800890106047122,1.9591132867818986,0.024839315961682276,0.02413764900253588,1,0
TRADER002,11,2026-01-19 14:15:00,2026-01-19 15:30:00,USD/JPY,BUY,-1.2178299860231836,0.9990343064337546,1.0012001964537656,0.9971872044056415,1.000908229388655,-0.19167830315962983,0.2857142857142857,0.8,-2.0,18.97184053792066,0.039419523607064286,0.9800890106047122,0.9636788811873079,-0.9749627628109218,-0.02650857991300274,1,1
TRADER002,12,2026-01-22 09:50:00,2026-01-22 11:05:00,EUR/USD,BUY,-1.2178299860231836,-0.001226265874723965,-0.001242773048650364,-0.001289163395605754,-0.0011392946671488484,-0.7121311096199954,0.2857142857142857,-0.2,-0.5,-0.3709340882553929,-0.8526403948537894,-0.01991098939528779,-0.021801180351336914,-0.9751606840383176,-0.9887869293082368,0,1
TRADER002,13,2026-01-22 13:25:00,2026-01-22 14:40:00,GBP/USD,SELL,-1.2178299860231836,1.086267911320676e-05,6.062307554391947e-05,1.7415833381277502e-05,2.8608581006692513e-05,-0.7121311096199954,0.2857142857142857,0.6,-0.5,0.05418183759461451,0.14867853168130757,-0.019910989395288237,-0.021801180351336474,-0.975160684038229,-0.9887869293082368,0,0
TRADER002,14,2026-01-23 10:05:00,2026-01-23 11:20:00,EUR/USD,SELL,-1.2178299860231836,-0.0012363786421940239,-0.0012528768945743512,-0.0012317684423944378,-0.0012503632757630639,-0.16428605018803166,0.2857142857142857,0.0,0.0,-0.3709340882553929,-0.853388286640841,-0.019910989395288237,-0.011846836295390779,0.02444347350702354,0.02413764900253588,1,0
TRADER002,15,2026-01-23 14:30:00,2026-01-23 15:45:00,USD/JPY,BUY,-1.2178299860231836,0.9983601219357507,1.0005266067254999,0.996511969661979,1.0002350863061447,-0.19167830315962983,0.2857142857142857,0.8,0.0,18.97184053792066,0.039655433446683944,0.9800890106047122,0.9636788811873079,-0.9749627628109218,-0.02650857991300274,1,1
TRADER002,16,2026-01-24 09:40:00,2026-01-24 10:55:00,GBP/JPY,BUY,-1.2178299860231836,1.2437632792091733,1.2460500626783764,1.2422974163551466,1.2452591683399297,-0.16428605018803166,0.2857142857142857,-0.2,0.5,21.097420167169968,0.0020630223449532538,0.9800890106047122,0.9636788811873079,-0.9749627628109218,0.02413764900253588,1,1
TRADER002,17,2026-01-24 13:15:00,2026-01-24 14:30:00,EUR/USD,BUY,-1.2178299860231836,-0.001246491409664083,-0.0011956217676717586,-0.0013094204379156297,-0.0011258318054986403,-0.16428605018803166,0.2857142857142857,0.6,0.5,0.054181837594623944,0.22831461025337285,-0.019910989395288237,-0.011846836295390779,0.02444347350702354,0.02413764900253588,1,1
TRADER002,18,2026-01-25 10:25:00,2026-01-25 11:40:00,USD/JPY,SELL,-1.2178299860231836,1.0003826754297624,0.996485068355905,1.005290021329592,0.992493940857275,-0.19167830315962983,0.2857142857142857,0.0,1.0,-19.288592788581425,-0.6647722935040535,0.9800890106047122,1.8595698462224735,-0.07514089191554404,-0.02650857991300274,1,0
TRADER002,19,2026-01-25 14:10:00,2026-01-25 15:25:00,GBP/USD,SELL,-1.2178299860231836,1.76045240932451e-05,0.0,2.4168180817903744e-05,1.6828577062765576e-06,-0.16428605018803166,0.2857142857142857,0.8,1.0,-0.3709340882553835,-0.7741382886523962,-0.01991098939528779,-0.011846836295390779,0.024443473506934963,0.02413764900253588,1,0
TRADER002,20,2026-01-26 09:55:00,2026-01-26 11:10:00,EUR/USD,BUY,-1.2178299860231836,-0.0012296367972139855,-0.0011787820244651146,-0.0012925395693240665,-0.0011090032284358808,-0.16428605018803166,0.2857142857142857,-0.2,-2.0,0.054181837594623944,0.22706581830109254,-0.019910989395288237,-0.011846836295390779,0.02444347350702354,0.02413764900253588,1,1
TRADER003,1,2026-01-15 09:15:00,2026-01-15 09:32:00,EUR/USD,BUY,2.435659972046367,-0.0012208723987399343,-0.001170025357997659,-0.0012837615176564527,-0.0011002523683632452,0.6574815389599138,-0.26666666666666666,-0.2,-0.5,0.054181837594623944,0.22641872120281092,-0.019910989395288237,-0.011846836295390779,0.02444347350702354,0.024145245898888754,1,1
TRADER003,2,2026-01-15 09:45:00,2026-01-15 09:58:00,GBP/USD,SELL,2.435659972046367,-7.340302332899753e-06,4.2436152880743924e-05,-8.155046976108007e-07,1.0433717778912267e-05,-1.5338986987679408,-0.3047619047619048,-0.2,-0.5,0.054181837594623944,0.14966390008311095,-0.01991098939528779,-0.021801180351336914,-0.9751606840383176,-0.9887945262045896,0,0
TRADER003,3,2026-01-15 10:05:00,2026-01-15 10:18:00,EUR/USD,BUY,7.3069799161391025,-0.0012181756607479188,-0.0012212181773458585,-0.0012810605786818029,-0.001131216950158723,-1.7530367225407264,-0.3047619047619048,0.0,-0.5,-0.28591090308538203,-0.6363908707701466,-0.019910989395288237,-0.021801180351336474,-0.975160684038229,-0.7862073314868238,0,1
TRADER003,4,2026-01-15 10:22:00,2026-01-15 10:35:00,USD/JPY,SELL,17.04961980432457,0.9972140082891442,0.9923088120406572,1.0021164180343782,0.9889935968282211,-5.697521150450864,-0.3047619047619048,0.0,-0.5,-25.665331676330567,-0.7835371923863732,0.9800890106047122,1.9591132867818986,0.024839315961682276,-1.0900907825265755,0,0
TRADER003,5,2026-01-15 10:40:00,2026-01-15 11:05:00,GBP/JPY,BUY,34.09923960864914,1.2422126548637644,1.2445008063033651,1.2407443764447228,1.247076654662708,7.779467311575441,-0.19047619047619047,0.0,-0.5,21.097420167169968,0.002453515090577831,0.9800890106047122,1.9591132867818986,0.024839315961682276,0.024147440600265215,1,1
TRADER003,6,2026-01-15 14:20:00,2026-01-15 14:42:00,EUR/USD,SELL,2.435659972046367,-0.0012026694172938292,-0.0011518384353344834,-0.0011980067052113096,-0.001183048967512024,-1.5338986987679408,-0.21904761904761905,0.8,-0.5,0.054181837594623944,0.22507969364760824,-0.01991098939528779,-0.021801180351336914,-0.9751606840383176,-0.9887945262045896,0,0
TRADER003,7,2026-01-15 14:50:00,2026-01-15 15:08:00,GBP/USD,BUY,7.3069799161391025,6.143387627178424e-06,-1.1451025380518487e-05,-5.483428419061474e-05,9.121088768016013e-05,-2.629588817631868,-0.2571428571428571,0.8,-0.5,-0.3709340882553835,-0.7747572379684199,-0.019910989395288237,-0.021801180351336474,-0.975160684038229,-0.9887957923761393,0,1
TRADER003,8,2026-01-15 15:12:00,2026-01-15 15:28:00,USD/JPY,SELL,17.04961980432457,0.9992365617831558,1.001739068236378,1.0041421222653657,0.9943787414883042,-4.820969055359723,-0.2761904761904762,1.0,-0.5,21.097420167169968,0.07848888265732355,0.9800890106047122,0.9636788811873079,-0.9749627628109218,-0.9887964254642881,0,0
TRADER003,9,2026-01-15 15:35:00,2026-01-15 16:10:00,EUR/USD,BUY,36.53489958069551,-0.0012141305537598944,-0.0011632894607150018,-0.001277009170219828,-0.0010935209375381404,8.327312371007405,-0.09523809523809523,1.0,-0.5,0.05418183759461451,0.22592200860095626,-0.01991098939528779,-0.011846836295390779,0.024443473506934963,0.02414746170325536,1,1
TRADER003,10,2026-01-16 09:05:00,2026-01-16 09:25:00,GBP/JPY,SELL,2.435659972046367,1.2446397190565783,1.240189832042464,1.2499275689585334,1.2360371081095372,0.6574815389599138,-0.23809523809523808,-0.2,0.0,-21.414172417830738,-0.6276663802466408,0.9800890106047122,1.9591132867818986,0.024839315961682276,0.024145245898888754,1,0
TRADER003,11,2026-01-16 09:40:00,2026-01-16 09:58:00,EUR/USD,BUY,2.435659972046367,-0.001207388708779856,-0.0011565535634323434,-0.0012702568227832018,-0.001086789506713037,0.6574815389599138,-0.2571428571428571,-0.2,0.0,0.054181837594623944,0.2254262100819648,-0.019910989395288237,-0.011846836295390779,0.02444347350702354,0.024145245898888754,1,1
TRADER003,12,2026-01-16 10:15:00,2026-01-16 10:30:00,USD/JPY,SELL,2.435659972046367,0.9997084909317586,0.9954746837635065,1.0046147865859296,0.9914842262335096,0.6574815389599138,-0.2857142857142857,0.0,0.0,-21.414172417830738,-0.7041293231152926,0.9800890106047122,1.9591132867818986,0.024839315961682276,0.024145245898888754,1,0
TRADER003,13,2026-01-16 14:05:00,2026-01-16 14:22:00,EUR/USD,BUY,2.435659972046367,-0.0012046919707878407,-0.0012212181773458585,-0.0012675558838085518,-0.001117754088508515,-1.5338986987679408,-0.26666666666666666,0.8,0.0,-0.3709340882553835,-0.8510517897824226,-0.019910989395288237,-0.021801180351336474,-0.975160684038229,-0.9887945262045896,0,1
TRADER003,14,2026-01-16 14:28:00,2026-01-16 14:42:00,GBP/USD,SELL,7.3069799161391025,8.840125619195257e-06,5.860230635912235e-05,1.539012915029008e-05,2.658915175916154e-05,-2.629588817631868,-0.29523809523809524,0.8,0.0,0.05418183759461451,0.14878780970061295,-0.019910989395288237,-0.021801180351336474,-0.975160684038229,-0.9887957923761393,0,0
TRADER003,15,2026-01-16 14:48:00,2026-01-16 15:05:00,USD/JPY,BUY,17.04961980432457,0.9985623772851518,0.9936559914971888,0.9967145400850778,1.0004370292308977,-5.697521150450864,-0.26666666666666666,0.8,0.0,-25.665331676330567,-0.7829070874586432,0.9800890106047122,0.9636788811873079,-0.9749627628109218,-1.0900907825265755,0,1
TRADER003,16,2026-01-17 09:20:00,2026-01-17 09:45:00,EUR/USD,SELL,2.435659972046367,-0.0012410979336800506,-0.001190233049845633,-0.001236495085600075,-0.0012214181232151169,-1.5338986987679408,-0.19047619047619047,-0.2,0.5,0.05418183759461451,0.22791436885411173,-0.019910989395288237,-0.021801180351336474,-0.975160684038229,-0.9887945262045896,0,0
TRADER003,17,2026-01-17 10:00:00,2026-01-17 10:18:00,GBP/JPY,BUY,7.3069799161391025,1.246460017201189,1.2420085243087817,1.244998355329797,1.2479517406699714,-2.629588817631868,-0.2571428571428571,0.0,0.5,-21.414172417830738,-0.6272098466406076,0.9800890106047122,0.9636788811873079,-0.9749627628109218,-0.9887957923761393,0,1
TRADER003,18,2026-01-17 10:25:00,2026-01-17 10:50:00,USD/JPY,SELL,17.04961980432457,0.9999107462811598,0.9956767606819862,1.0048173570090284,0.9916861691582627,3.944551895551696,-0.19047619047619047,0.0,0.5,-21.414172417830738,-0.7040508599180905,0.9800890106047122,1.9591132867818986,0.024839315961682276,0.024147145158587322,1,0
TRADER003,19,2026-01-17 14:30:00,2026-01-17 14:52:00,EUR/USD,BUY,2.435659972046367,-0.0012363786421940239,-0.001185517921747773,-0.0012992919167606927,-0.001115734659260984,0.6574815389599138,-0.21904761904761905,0.8,0.5,0.05418183759461451,0.22756464291092157,-0.01991098939528779,-0.011846836295390779,0.024443473506934963,0.024145245898888754,1,1
TRADER003,20,2026-01-17 15:10:00,2026-01-17 15:35:00,GBP/USD,SELL,2.435659972046367,1.2885232607218261e-05,-4.715128097861433e-06,1.9441537612264926e-05,-3.0291438712957114e-06,0.6574815389599138,-0.19047619047619047,1.0,0.5,-0.3709340882553929,-0.7743929491089171,-0.019910989395288237,-0.011846836295390779,0.02444347350702354,0.024145245898888754,1,0
TRADER004,1,2026-01-15 09:00:00,2026-01-15 11:30:00,EUR/USD,BUY,-0.4871319944092735,-0.0012228949522339458,-0.0011720461271824574,-0.0012857872218874416,-0.0011022717976107762,6.746764155743837e-05,1.0,-0.2,-0.5,0.05418183759461451,0.22656791360750825,-0.01991098939528779,-0.011846836295390779,0.024443473506934963,0.024141447422224294,1,1
TRADER004,2,2026-01-15 14:15:00,2026-01-15 16:45:00,GBP/USD,SELL,-0.4871319944092735,-9.362855826911256e-06,-2.6943589130631207e-05,-2.8412089285982236e-06,-2.52428655941394e-05,6.746764155743837e-05,1.0,0.8,-0.5,-0.3709340882553835,-0.775597288942748,-0.01991098939528779,-0.011846836295390779,0.024443473506934963,0.024141447422224294,1,0
TRADER004,3,2026-01-16 09:30:00,2026-01-16 12:00:00,USD/JPY,BUY,-0.4871319944092735,0.9973488451887448,0.9998530169972338,0.9954991175464851,1.002591087094931,6.746764155743837e-05,1.0,-0.2,0.0,21.097420167169968,0.07922341481058248,0.9800890106047122,1.9591132867818986,0.024839315961682276,0.024141447422224294,1,1
TRADER004,4,2026-01-16 14:00:00,2026-01-16 16:30:00,EUR/USD,SELL,-0.4871319944092735,-0.0012026694172938292,-0.0012191974081610614,-0.0011980067052113096,-0.0012167061216375446,6.746764155743837e-05,1.0,0.8,0.0,-0.3709340882553835,-0.8509033373774798,-0.01991098939528779,-0.011846836295390779,0.024443473506934963,0.024141447422224294,1,0
TRADER004,5,2026-01-17 09:15:00,2026-01-17 11:45:00,GBP/JPY,BUY,-0.4871319944092735,1.2451116482051812,1.2473972421349078,1.2436478858424718,1.2499711699175025,6.746764155743837e-05,1.0,-0.2,0.5,21.097420167169968,0.0017242486485726288,0.9800890106047122,1.9591132867818986,0.024839315961682276,0.024141447422224294,1,1
TRADER004,6,2026-01-17 14:30:00,2026-01-17 17:00:00,USD/JPY,SELL,-0.4871319944092735,1.0000455831807604,0.9958114786276392,1.0049524039577609,0.9918207977747647,6.746764155743837e-05,1.0,0.8,0.5,-21.414172417830738,-0.7039985686028427,0.9800890106047122,1.9591132867818986,0.024839315961682276,0.024141447422224294,1,0
TRADER004,7,2026-01-18 09:00:00,2026-01-18 11:30:00,EUR/USD,BUY,-0.4871319944092735,-0.0012330077197040047,-0.001182149973106443,-0.0012959157430423788,-0.0011123689438484324,6.746764155743837e-05,1.0,-0.2,1.0,0.054181837594623944,0.22731511545721717,-0.019910989395288237,-0.011846836295390779,0.02444347350702354,0.024141447422224294,1,1
TRADER004,8,2026-01-18 14:15:00,2026-01-18 16:45:00,GBP/USD,SELL,-0.4871319944092735,4.120834133166922e-06,-1.3471794565315604e-05,1.066348594465276e-05,-1.178000394393142e-05,6.746764155743837e-05,1.0,0.8,1.0,-0.3709340882553835,-0.7748666368036595,-0.01991098939528779,-0.011846836295390779,0.024443473506934963,0.024141447422224294,1,0
TRADER004,9,2026-01-19 09:30:00,2026-01-19 12:00:00,USD/JPY,BUY,-0.4871319944092735,0.9983601219357507,1.0008634015896325,0.996511969661979,1.0036008017186966,6.746764155743837e-05,1.0,-0.2,-2.0,21.097420167169968,0.07882957292573928,0.9800890106047122,1.9591132867818986,0.024839315961682276,0.024141447422224294,1,1
TRADER004,10,2026-01-19 14:00:00,2026-01-19 16:30:00,EUR/USD,SELL,-0.4871319944092735,-0.0012296367972139855,-0.0011787820244651146,-0.0012250160949578116,-0.00120997469081244,-0.8764846274495844,1.0,0.8,-2.0,0.054181837594623944,0.22706581830109254,-0.01991098939528779,-0.021801180351336914,-0.9751606840383176,-0.9887907277279251,0,0
TRADER004,11,2026-01-22 09:15:00,2026-01-22 11:45:00,GBP/JPY,BUY,-0.4871319944092735,1.2444374637071773,1.2399877551239844,1.2429726510988093,1.24593231142244,-0.8764846274495844,1.0,-0.2,-0.5,-21.414172417830738,-0.627717188084959,0.9800890106047122,0.9636788811873079,-0.9749627628109218,-0.9887907277279251,0,1
TRADER004,12,2026-01-22 14:30:00,2026-01-22 17:00:00,USD/JPY,SELL,-0.4871319944092735,0.9993713986827566,0.9951378888993735,1.0042771692140984,0.9911476546922543,6.746764155743837e-05,1.0,0.8,-0.5,-21.414172417830738,-0.7042601650889551,0.9800890106047122,1.9591132867818986,0.024839315961682276,0.024141447422224294,1,0
TRADER004,13,2026-01-23 09:00:00,2026-01-23 11:30:00,EUR/USD,BUY,-0.4871319944092735,-0.0012431204871740638,-0.0011922538190304302,-0.0013060442641973174,-0.001122466090086089,6.746764155743837e-05,1.0,-0.2,0.0,0.054181837594623944,0.2280643899888707,-0.019910989395288237,-0.011846836295390779,0.02444347350702354,0.024141447422224294,1,1
TRADER004,14,2026-01-23 14:15:00,2026-01-23 16:45:00,GBP/USD,SELL,-0.4871319944092735,1.423360160322593e-05,-3.367948641330023e-06,2.0792007099589874e-05,-1.682857706275063e-06,6.746764155743837e-05,1.0,0.8,0.0,-0.3709340882553929,-0.7743201602875852,-0.019910989395288237,-0.011846836295390779,0.02444347350702354,0.024141447422224294,1,0
TRADER004,15,2026-01-24 09:30:00,2026-01-24 12:00:00,USD/JPY,BUY,-0.4871319944092735,0.9986972141847528,1.0012001964537656,0.9968495870338103,1.003937373259952,6.746764155743837e-05,1.0,-0.2,0.5,21.097420167169968,0.07869846804127117,0.9800890106047122,1.9591132867818986,0.024839315961682276,0.024141447422224294,1,1
TRADER004,16,2026-01-24 14:00:00,2026-01-24 16:30:00,EUR/USD,SELL,-0.4871319944092735,-0.001239749564684043,-0.0012562448432156797,-0.00123514461611275,-0.0012537289911756155,6.746764155743837e-05,1.0,0.8,0.5,-0.3709340882553929,-0.8536380447114397,-0.019910989395288237,-0.011846836295390779,0.02444347350702354,0.024141447422224294,1,0
TRADER004,17,2026-01-25 09:15:00,2026-01-25 11:45:00,GBP/JPY,BUY,-0.4871319944092735,1.2441003714581753,1.2463868575425094,1.242635033726978,1.248961455293737,6.746764155743837e-05,1.0,-0.2,1.0,21.097420167169968,0.0019782605461884486,0.9800890106047122,1.9591132867818986,0.024839315961682276,0.024141447422224294,1,1
TRADER004,18,2026-01-25 14:30:00,2026-01-25 17:00:00,USD/JPY,SELL,-0.4871319944092735,1.0003826754297624,0.9961482734917722,1.005290021329592,0.9921573693160199,6.746764155743837e-05,1.0,0.8,1.0,-21.414172417830738,-0.7038679014639394,0.9800890106047122,1.9591132867818986,0.024839315961682276,0.024141447422224294,1,0
TRADER004,19,2026-01-26 09:00:00,2026-01-26 11:30:00,EUR/USD,BUY,-0.4871319944092735,-0.001226265874723965,-0.001242773048650364,-0.001289163395605754,-0.0011392946671488484,-0.8764846274495844,1.0,-0.2,-2.0,-0.3709340882553929,-0.8526403948537894,-0.01991098939528779,-0.021801180351336914,-0.9751606840383176,-0.9887907277279251,0,1
TRADER004,20,2026-01-26 14:15:00,2026-01-26 16:45:00,GBP/USD,SELL,-0.4871319944092735,2.097544658326427e-05,7.072692146790655e-05,2.7544354536216116e-05,3.870572724434887e-05,-0.8764846274495844,1.0,0.8,-2.0,0.054181837594623944,0.14813291660621433,-0.01991098939528779,-0.021801180351336914,-0.9751606840383176,-0.9887907277279251,0,0
TRADER005,1,2026-01-15 09:30:00,2026-01-15 10:15:00,EUR/USD,BUY,0.4871319944092732,-0.0012195240297439265,-0.0011686781785411274,-0.0012824110481691278,-0.0010989060821982245,0.2192054914143429,0.0,-0.2,-0.5,0.054181837594623944,0.2263193054345035,-0.019910989395288237,-0.011846836295390779,0.02444347350702354,0.02414355768000377,1,1
TRADER005,2,2026-01-15 11:00:00,2026-01-15 11:45:00,GBP/USD,SELL,0.4871319944092732,-5.991933336892086e-06,4.378333233727534e-05,5.349647897141477e-07,1.1780003943932914e-05,-1.09562265122237,0.0,0.2,-0.5,0.054181837594623944,0.14959076558161719,-0.01991098939528779,-0.021801180351336914,-0.9751606840383176,-0.9887928379857046,0,0
TRADER005,3,2026-01-15 14:20:00,2026-01-15 15:05:00,USD/JPY,BUY,0.4871319944092732,0.9976859374377468,1.0001898118613668,0.9958367349183165,1.0029276586361864,0.2192054914143429,0.0,0.8,-0.5,21.097420167169968,0.07909204622208146,0.9800890106047122,1.9591132867818986,0.024839315961682276,0.02414355768000377,1,1
TRADER005,4,2026-01-16 09:45:00,2026-01-16 10:30:00,EUR/USD,SELL,0.4871319944092732,-0.0012060403397838484,-0.0011552063839758119,-0.001201382878929622,-0.0011864146829245756,-1.09562265122237,0.0,-0.2,0.0,0.054181837594623944,0.22532715984609603,-0.01991098939528779,-0.021801180351336914,-0.9751606840383176,-0.9887928379857046,0,0
TRADER005,5,2026-01-16 13:15:00,2026-01-16 14:00:00,GBP/JPY,BUY,0.4871319944092732,1.2454487404541832,1.2477340369990408,1.243985503214303,1.2503077414587576,0.2192054914143429,0.0,0.6,0.0,21.097420167169968,0.0016396690597249145,0.9800890106047122,1.9591132867818986,0.024839315961682276,0.02414355768000377,1,1
TRADER005,6,2026-01-17 10:00:00,2026-01-17 10:45:00,USD/JPY,SELL,0.4871319944092732,0.9997084909317586,0.9954746837635065,1.0046147865859296,0.9914842262335096,0.2192054914143429,0.0,0.0,0.5,-21.414172417830738,-0.7041293231152926,0.9800890106047122,1.9591132867818986,0.024839315961682276,0.02414355768000377,1,0
TRADER005,7,2026-01-17 14:30:00,2026-01-17 15:15:00,EUR/USD,BUY,0.4871319944092732,-0.0012363786421940239,-0.0012528768945743512,-0.0012992919167606927,-0.0011493918133865047,-1.09562265122237,0.0,0.8,0.5,-0.3709340882553929,-0.853388286640841,-0.01991098939528779,-0.021801180351336914,-0.9751606840383176,-0.9887928379857046,0,1
TRADER005,8,2026-01-18 09:20:00,2026-01-18 10:05:00,GBP/USD,SELL,0.4871319944092732,7.491756623186092e-06,-1.0103845923987076e-05,1.4039659662965132e-05,-8.4142885313798e-06,0.2192054914143429,0.0,-0.2,1.0,-0.3709340882553835,-0.7746843341931865,-0.01991098939528779,-0.011846836295390779,0.024443473506934963,0.02414355768000377,1,0
TRADER005,9,2026-01-18 13:50:00,2026-01-18 14:35:00,USD/JPY,BUY,0.4871319944092732,0.9986972141847528,1.0012001964537656,0.9968495870338103,1.003937373259952,0.2192054914143429,0.0,0.6,1.0,21.097420167169968,0.07869846804127117,0.9800890106047122,1.9591132867818986,0.024839315961682276,0.02414355768000377,1,1
TRADER005,10,2026-01-19 10:15:00,2026-01-19 11:00:00,EUR/USD,SELL,0.4871319944092732,-0.0012296367972139855,-0.0012461409972916926,-0.0012250160949578116,-0.0012436318449379606,0.2192054914143429,0.0,0.0,-2.0,-0.3709340882553835,-0.8528894620309639,-0.01991098939528779,-0.011846836295390779,0.024443473506934963,0.02414355768000377,1,0
TRADER005,11,2026-01-19 14:05:00,2026-01-19 14:50:00,GBP/JPY,BUY,0.4871319944092732,1.2447745559561794,1.2470604472707751,1.2433102684706405,1.2496345983762474,0.2192054914143429,0.0,0.8,-2.0,21.097420167169968,0.0018088737347784938,0.9800890106047122,1.9591132867818986,0.024839315961682276,0.02414355768000377,1,1
TRADER005,12,2026-01-22 09:30:00,2026-01-22 10:15:00,USD/JPY,SELL,0.4871319944092732,0.9993713986827566,0.9951378888993735,1.0042771692140984,0.9911476546922543,0.2192054914143429,0.0,-0.2,-0.5,-21.414172417830738,-0.7042601650889551,0.9800890106047122,1.9591132867818986,0.024839315961682276,0.02414355768000377,1,0
TRADER005,13,2026-01-22 13:40:00,2026-01-22 14:25:00,EUR/USD,BUY,0.4871319944092732,-0.001239749564684043,-0.0011888858703891017,-0.001302668090479005,-0.0011191003746735357,0.2192054914143429,0.0,0.6,-0.5,0.05418183759461451,0.22781440098152045,-0.01991098939528779,-0.011846836295390779,0.024443473506934963,0.02414355768000377,1,1
TRADER005,14,2026-01-23 10:20:00,2026-01-23 11:05:00,GBP/USD,SELL,0.4871319944092732,1.76045240932451e-05,0.0,2.4168180817903744e-05,1.6828577062765576e-06,0.2192054914143429,0.0,0.0,0.0,-0.3709340882553835,-0.7741382886523962,-0.01991098939528779,-0.011846836295390779,0.024443473506934963,0.02414355768000377,1,0
TRADER005,15,2026-01-23 14:10:00,2026-01-23 14:55:00,USD/JPY,BUY,0.4871319944092732,0.9983601219357507,1.0008634015896325,0.996511969661979,1.0036008017186966,0.2192054914143429,0.0,0.8,0.0,21.097420167169968,0.07882957292573928,0.9800890106047122,1.9591132867818986,0.024839315961682276,0.02414355768000377,1,1
TRADER005,16,2026-01-24 09:50:00,2026-01-24 10:35:00,EUR/USD,SELL,0.4871319944092732,-0.0012431204871740638,-0.0011922538190304302,-0.0012385207898310624,-0.0012234375524626479,-1.09562265122237,0.0,-0.2,0.5,0.054181837594623944,0.2280643899888707,-0.01991098939528779,-0.021801180351336914,-0.9751606840383176,-0.9887928379857046,0,0
TRADER005,17,2026-01-24 13:25:00,2026-01-24 14:10:00,GBP/JPY,BUY,0.4871319944092732,1.2444374637071773,1.2399877551239844,1.2429726510988093,1.24593231142244,-1.09562265122237,0.0,0.6,0.5,-21.414172417830738,-0.627717188084959,0.9800890106047122,0.9636788811873079,-0.9749627628109218,-0.9887928379857046,0,1
TRADER005,18,2026-01-25 10:05:00,2026-01-25 10:50:00,USD/JPY,SELL,0.4871319944092732,1.0000455831807604,0.9958114786276392,1.0049524039577609,0.9918207977747647,0.2192054914143429,0.0,0.0,1.0,-21.414172417830738,-0.7039985686028427,0.9800890106047122,1.9591132867818986,0.024839315961682276,0.02414355768000377,1,0
TRADER005,19,2026-01-25 14:35:00,2026-01-25 15:20:00,EUR/USD,BUY,0.4871319944092732,-0.0012330077197040047,-0.001182149973106443,-0.0012959157430423788,-0.0011123689438484324,0.2192054914143429,0.0,0.8,1.0,0.054181837594623944,0.22731511545721717,-0.019910989395288237,-0.011846836295390779,0.02444347350702354,0.02414355768000377,1,1
TRADER005,20,2026-01-26 09:40:00,2026-01-26 10:25:00,GBP/USD,SELL,0.4871319944092732,1.086267911320676e-05,-6.73589728265855e-06,1.7415833381277502e-05,-5.048573118826683e-06,0.2192054914143429,0.0,-0.2,-2.0,-0.3709340882553929,-0.7745021754112235,-0.019910989395288237,-0.011846836295390779,0.02444347350702354,0.02414355768000377,1,0
TRADER004,19,2026-01-26 09:00:00,2026-01-26 11:30:00,EUR/USD,BUY,-0.5243410805020904,-0.0011479503402809412,-0.0012461678069091106,-0.0012526187177985739,-0.0011810435911622297,-0.8764013906748872,1.0,-0.2,-2.0,-0.886188015484978,-2.141382331561884,-0.007377269155648382,-0.006235725167760379,-0.8310171498060973,-0.998552299451794,0,1
TRADER001,20,2026-01-23 10:10:00,2026-01-23 11:00:00,USD/JPY,BUY,0.14739524805099866,0.9980480013044791,1.0001416226134565,0.9960837044861779,0.9999440014433846,0.05489908323665224,0.047619047619047616,0.0,0.0,18.510246744621014,0.03125500950039557,1.0146922621422392,0.969757765601462,-1.0021753506156432,-0.05247291408063088,1,1
TRADER003,13,2026-01-16 14:05:00,2026-01-16 14:22:00,EUR/USD,BUY,2.431437290889175,-0.0012404963066994133,-0.0011691870460587097,-0.001260005055036457,-0.0010710880583017029,-1.533901293864516,-0.26666666666666666,0.8,0.0,0.18321373110242323,0.5561476115475927,-0.02712510117103509,0.002573662803559313,10.081014458688973,-0.9892351365791328,0,1
TRADER003,7,2026-01-15 14:50:00,2026-01-15 15:08:00,GBP/USD,BUY,6.8902070476419945,0.00010602839108931941,-4.6307224608569905e-05,-5.349647897141477e-07,0.00011459212069876418,-2.6295831110675274,-0.2571428571428571,0.8,-0.5,-1.2207565820941466,-2.5945647062837667,-0.006225876568654807,-0.019128964371585462,-1.4362575761009655,-1.0114285442292403,0,1
TRADER001,1,2026-01-15 09:30:00,2026-01-15 10:15:00,EUR/USD,BUY,0.1917517113727233,-0.0011116485624319428,-0.001120825072824159,-0.0012789582865534125,-0.0009832063517896386,0.1094020933751481,0.0,-0.2,-0.5,-0.32403064319984076,-0.7270477706671649,0.01138101017190225,-0.00948347083361026,-1.4289075395628106,-0.013020419124063874,1,1
TRADER001,12,2026-01-18 09:30:00,2026-01-18 10:15:00,USD/JPY,BUY,0.14068493235475585,0.9994276887599385,1.0014606270728872,0.9975298358835611,1.001261412344339,0.054777127481620745,0.0,-0.2,1.0,18.134946036614885,0.023874503181460005,0.9954562544254225,0.9519693494178757,-1.001530020370963,-0.0514599263825249,1,1
TRADER001,15,2026-01-19 09:45:00,2026-01-19 10:30:00,EUR/USD,BUY,0.17812810188733527,-0.0012773367421388465,-0.0012221698986028277,-0.0012027846075442295,-0.0011113348631975504,0.10977449374080357,0.0,-0.2,-2.0,0.08113059447404601,0.2995250412133491,0.0010336876170028467,0.0015493738534351441,-0.8864723380002694,-0.010253518435683805,1,1
TRADER003,9,2026-01-15 15:35:00,2026-01-15 16:10:00,EUR/USD,BUY,36.33423646054124,-0.001252450943703751,-0.001211006883094913,-0.0012196739358694972,-0.0010742034641967597,8.327148883500636,-0.09523809523809523,1.0,-0.5,-0.005338069721928539,0.07708075200866663,-0.011476408125804137,0.005182467061568987,0.046794809319009666,0.026759335594282833,1,1
TRADER002,8,2026-01-18 09:30:00,2026-01-18 10:45:00,GBP/USD,BUY,-1.4661616323946962,3.9130695226389e-05,4.335339506345054e-05,-0.00014130597143867775,0.00017214368501181342,-0.1642473410472516,0.2857142857142857,-0.2,1.0,-0.23305826721391287,-0.47455665399918273,0.01584474125701816,-0.007605888355469856,-1.4405015498308933,0.1539518109495345,1,1
TRADER005,19,2026-01-25 14:35:00,2026-01-25 15:20:00,EUR/USD,BUY,0.3813849928617704,-0.0013129152810326425,-0.0012419331890544554,-0.0013413749500434105,-0.00105971975878,0.2190568713585553,0.0,0.8,1.0,0.18074569147952663,0.5585206829277308,-0.029769331245864332,0.027321263177066464,242.97129589820435,0.043036540501639964,1,1
TRADER005,14,2026-01-23 10:20:00,2026-01-23 11:05:00,GBP/USD,SELL,0.845133513520545,2.453958096619764e-05,-9.26746755327111e-05,-6.211052289742961e-06,9.529224562247178e-05,0.21921846543823367,0.0,0.0,0.0,-0.9995523838649849,-2.136689140665462,-0.028945896257091756,-0.0260264908683119,3.4668397426962545,-0.03111314325135448,1,0
TRADER002,13,2026-01-22 13:25:00,2026-01-22 14:40:00,GBP/USD,SELL,-0.7038155437101763,-6.35545909793815e-05,9.55408728905006e-05,4.509303786563586e-05,4.165113895098881e-05,-0.7121554112075085,0.2857142857142857,0.6,-0.5,0.7438029382044323,1.6634694920081632,0.0106688441180521,-0.0158769968594186,-1.5787916610326702,-0.8385017501045499,0,0
TRADER004,20,2026-01-26 14:15:00,2026-01-26 16:45:00,GBP/USD,SELL,-0.5527246831780894,1.7866414854333416e-05,0.00012047725804205703,6.660330230552473e-05,-0.0002260419804408452,-0.8765802467279178,1.0,0.8,-2.0,0.38777055402158644,0.8721277133613923,-0.007293507471816109,0.055581749743438096,1.9250912105973534,-1.0065477627958799,0,0
TRADER004,10,2026-01-19 14:00:00,2026-01-19 16:30:00,EUR/USD,SELL,-0.17542847737022227,-0.00119404909725808,-0.0012481701642849626,-0.0011177056949246984,-0.0012474701104605067,-0.8764227505508182,1.0,0.8,-2.0,-0.6081435013846141,-1.4499516455670804,0.0015307903456685769,-0.00020258352100916332,-0.959968274694749,-0.9188842212484574,0,0
TRADER004,6,2026-01-17 14:30:00,2026-01-17 17:00:00,USD/JPY,SELL,-0.6001147140156832,1.0000509395121968,0.9958193656431367,1.0050318394150726,0.9918814357768875,0.0002550739333719287,1.0,0.8,0.5,-21.39817094259333,-0.703702081047856,1.002249887896996,1.942760890210887,-0.03416019147038859,0.05554551548773499,1,0
TRADER003,11,2026-01-16 09:40:00,2026-01-16 09:58:00,EUR/USD,BUY,2.668263225291391,-0.001218101098719735,-0.0010814133412042487,-0.0013069756657250306,-0.0010474953123209023,0.6575758145217973,-0.2571428571428571,-0.2,0.0,0.5959551693928168,1.6003536208373788,-0.01213523782098007,0.0029380746457378605,-0.006069601890896153,0.0011053812456628073,1,1
TRADER004,3,2026-01-16 09:30:00,2026-01-16 12:00:00,USD/JPY,BUY,-0.34403497289781365,0.9973612227931514,0.9998814918274469,0.9956565714475301,1.0025520515885142,-1.8121683875602677e-05,1.0,-0.2,0.0,21.199081888846074,0.08109406165606557,0.9366901071762948,1.9439131463364583,0.09865668186339005,-0.010599801998155954,1,1
TRADER005,16,2026-01-24 09:50:00,2026-01-24 10:35:00,EUR/USD,SELL,0.3669628189146912,-0.0012509396733547484,-0.001234009808391167,-0.0012668006919983796,-0.0012754261532587315,-1.0958000325888952,0.0,-0.2,0.5,-0.1600436383229745,-0.31716032557978,-0.02602888729707145,-0.008734187817572,3.8860073646709328,-1.0106512011654494,0,0
TRADER005,12,2026-01-22 09:30:00,2026-01-22 10:15:00,USD/JPY,SELL,0.4238943363530662,0.9992971407785053,0.9951382773701392,1.0041769124947855,0.9911102638479469,0.21920208038004127,0.0,-0.2,-0.5,-20.943477693444,-0.6956222264296287,0.9723451609149998,1.9482435153847066,0.0292856959512162,0.035341075133515004,1,0
TRADER005,20,2026-01-26 09:40:00,2026-01-26 10:25:00,GBP/USD,SELL,0.99878154044621,8.087741871835158e-05,-1.5303892886584984e-05,5.238073169276689e-05,2.366765542534132e-05,0.21928979115418787,0.0,-0.2,-2.0,-0.8664955927205673,-1.8381653573555792,-0.02959398604117255,0.0003355069849687231,75.53682516655476,-0.05125227207098846,1,0
TRADER005,2,2026-01-15 11:00:00,2026-01-15 11:45:00,GBP/USD,SELL,0.8913567936938523,-0.00017335444043486124,-4.705861048049054e-05,6.303947736103234e-05,-0.0001001294849954883,-1.0953989761370755,0.0,0.2,-0.5,0.5361865587164162,1.2286309889535405,0.04893981012977341,-0.025385702506689294,-1.8929143766903993,-0.9271071983723813,0,0
TRADER005,17,2026-01-24 13:25:00,2026-01-24 14:10:00,GBP/JPY,BUY,0.012762283753774733,1.2445114134831374,1.240051784673826,1.243000343237786,1.2459657858978677,-1.0956453828806958,0.0,0.6,0.5,-21.47636920941686,-0.6286197101966928,0.9939630741016575,0.951741806058459,-1.000336278464154,-1.0869384771893602,0,1
TRADER005,2,2026-01-15 11:00:00,2026-01-15 11:45:00,GBP/USD,SELL,0.07538297686167682,2.4786423329421477e-05,2.1887225061732582e-05,-3.503043674916603e-05,-7.64422116592984e-05,-1.0955854662744215,0.0,0.2,-0.5,-0.2780858537945763,-0.5724502825293337,-0.020249598039467354,0.01338002869987692,2.7148729996787253,-1.0718069620062638,0,0
TRADER004,8,2026-01-18 14:15:00,2026-01-18 16:45:00,GBP/USD,SELL,-0.7725250397623517,-7.499116431492486e-07,-3.619107576110512e-05,-8.719587277368894e-05,9.111194668757603e-06,4.462800639583325e-05,1.0,0.8,1.0,-0.4836068780182766,-1.020143220388893,-0.012294468432534976,-0.019463890367940495,-1.2710058381469564,0.11101855628681101,1,0
TRADER004,16,2026-01-24 14:00:00,2026-01-24 16:30:00,EUR/USD,SELL,-0.40391141146806103,-0.0013354503275451585,-0.0012625183476323288,-0.0012461171980847109,-0.0012027117347157576,-8.201653194269984e-05,1.0,0.8,0.5,0.19292635336583347,0.5926468490106817,0.005483026712076389,-0.008315030533688669,-1.3048160604140917,0.003231138281509803,1,0
TRADER003,2,2026-01-15 09:45:00,2026-01-15 09:58:00,GBP/USD,SELL,2.660324264637165,0.00012796125933504384,7.730141113515114e-05,-3.314893902306941e-05,-5.8325181180491144e-05,-1.5339839087239489,-0.3047619047619048,-0.2,-0.5,-0.5789383962901817,-1.2138578963435678,0.010103950467469293,0.038489346863855835,-0.19835679419957386,-0.9665037809117024,0,0
TRADER005,19,2026-01-25 14:35:00,2026-01-25 15:20:00,EUR/USD,BUY,0.26924809519676113,-0.0013559618507098924,-0.001186049121461552,-0.0013145192889425276,-0.0010973062094341288,0.218832683401529,0.0,0.8,1.0,0.8048770211690128,2.177177843503234,-0.008835559710130064,0.028916466292362636,0.9316722680013043,0.06462952506370367,1,1
TRADER004,19,2026-01-26 09:00:00,2026-01-26 11:30:00,EUR/USD,BUY,-0.6215471043757662,-0.0011414554648733314,-0.0012767775213325416,-0.0013033250443815444,-0.0011503214756454405,-0.8766623373808301,1.0,-0.2,-2.0,-1.1203263278739992,-2.727481264173081,0.009739507603345745,-0.01340407193953218,-1.5064242115166513,-1.026536961719572,0,1
TRADER002,2,2026-01-15 11:15:00,2026-01-15 12:00:00,GBP/USD,SELL,-1.5406177705771178,0.0001863425883197808,0.00010405521267319151,-9.628847262430704e-05,-6.250605318889517e-05,-0.7121858501702021,0.0,0.2,-0.5,-0.7782209821384323,-1.6318800163969165,0.04648839672890482,0.05696589333227976,-0.7981877669652417,-1.1715700969791423,0,0
TRADER004,20,2026-01-26 14:15:00,2026-01-26 16:45:00,GBP/USD,SELL,-0.43488352306490413,4.532266432414631e-05,7.937507679272773e-05,-2.0894421289769045e-05,0.00010267380376450775,-0.876361633019728,1.0,0.8,-2.0,-0.044762519721965266,-0.0671797397168475,-0.01832517431199858,-0.029980592899095795,-1.8207093986657952,-0.9754265647323185,0,0
TRADER002,20,2026-01-26 09:55:00,2026-01-26 11:10:00,EUR/USD,BUY,-1.472811415495455,-0.0012948426848691322,-0.001238038307780556,-0.0013314943750585742,-0.0012967693331174168,-0.1642216485062001,0.2857142857142857,-0.2,-2.0,0.09136792643336286,0.3272469016205779,-0.027795313620588697,-0.015386361973166762,5.510268639073643,0.1584061400567507,1,1
TRADER004,7,2026-01-18 09:00:00,2026-01-18 11:30:00,EUR/USD,BUY,-0.44516391054691035,-0.0012730271887469596,-0.0011869986169648049,-0.0013376547333463,-0.0011193979746773725,0.00017481718554228533,1.0,-0.2,1.0,0.2759291176782287,0.796980552824097,-0.019415186101361892,-0.0021079614236339177,0.8631410436429213,0.013584565035879001,1,1
TRADER003,15,2026-01-16 14:48:00,2026-01-16 15:05:00,USD/JPY,BUY,16.87423528862994,0.9986764182601158,0.9936701859873729,0.996604123698568,1.0005825027703474,-5.697476266500696,-0.26666666666666666,0.8,0.0,-26.294847821315862,-0.79445212485062,1.0472964691555657,0.9730273873935955,-1.028531135172249,-1.0956056529394462,0,1
TRADER001,13,2026-01-18 11:00:00,2026-01-18 11:45:00,EUR/USD,SELL,-0.4064745474683417,-0.0012803292419035315,-0.00114555530984428,-0.0012242926298340145,-0.0011938849859636895,0.10959965983293724,0.0,0.2,1.0,0.5835301622656593,1.5849814788558831,-0.004504486883574548,-0.021981729307989837,-1.5860529855398944,0.12555321465617225,1,0
TRADER002,20,2026-01-26 09:55:00,2026-01-26 11:10:00,EUR/USD,BUY,-1.120862354364635,-0.0012711614320362842,-0.0012011605299913435,-0.0014039921858794086,-0.0010346392053131193,-0.16431934066408102,0.2857142857142857,-0.2,-2.0,0.1747856821350393,0.5382838974454942,0.0009910702511048393,0.02240909232210122,-0.20241381635857586,-0.013270768678673092,1,1
TRADER001,18,2026-01-22 11:30:00,2026-01-22 12:15:00,GBP/JPY,SELL,-0.09285969168746577,1.2441215822663334,1.2463622612723861,1.2492678280783371,1.238733860827916,-0.9859727901735027,0.0,0.2,-0.5,20.808440647772446,-0.0023080328020706163,0.9379646595525402,1.0085234355667894,-0.8844521053727057,-1.008788519342136,0,0
TRADER005,20,2026-01-26 09:40:00,2026-01-26 10:25:00,GBP/USD,SELL,0.7755820135203103,-2.420665838393432e-05,1.4127477107291597e-05,-1.8150259697303027e-05,5.625612630520969e-05,0.21898535561442833,0.0,-0.2,-2.0,-0.018126834803388794,-0.007091738051463483,-0.02004326648006608,-0.023176923492900264,-1.1018827988195814,-0.021503993870601906,1,0
TRADER004,16,2026-01-24 14:00:00,2026-01-24 16:30:00,EUR/USD,SELL,-0.08592238341747868,-0.001197243032388662,-0.0013105327338451495,-0.001308748306651508,-0.0012276899689742135,-7.861787832780968e-05,1.0,0.8,0.5,-0.9815863495216083,-2.3949442598619872,-0.0053547451367616725,-0.006995871823624251,-0.956100010919884,-0.06247498890306543,1,0
TRADER001,13,2026-01-18 11:00:00,2026-01-18 11:45:00,EUR/USD,SELL,0.2997422467210882,-0.001259470309806852,-0.0011306847557070268,-0.0011753195650241197,-0.0012327674660379431,0.10967391865868276,0.0,0.2,1.0,0.5458524513057362,1.4834316367297866,0.003897122132585932,-0.02386989912789,-1.7388470008930923,-0.03132408687281087,1,0
TRADER005,20,2026-01-26 09:40:00,2026-01-26 10:25:00,GBP/USD,SELL,0.7379647768492044,-6.873679038233196e-05,2.8447643259449017e-05,0.00010262188353547396,0.0001471558969715898,0.2191910787514586,0.0,-0.2,-2.0,0.3530412124419476,0.808123276722945,0.02943347225640462,0.016857094930505453,-1.145138472121886,-0.01589592884204946,1,0
TRADER005,19,2026-01-25 14:35:00,2026-01-25 15:20:00,EUR/USD,BUY,0.39874490989600486,-0.0012759846521731009,-0.001131125062956746,-0.001276930183438334,-0.001126344588231973,0.21935214754965088,0.0,0.8,1.0,0.6472069479211707,1.7466415253069314,-0.02155472236176452,-0.0032891322440286486,1.4392483887344587,0.04005345431492499,1,1
TRADER003,19,2026-01-17 14:30:00,2026-01-17 14:52:00,EUR/USD,BUY,2.3701930026746347,-0.0012368471974762943,-0.001115504607496611,-0.0011681858298916105,-0.0012086527146473382,0.6574000937923534,-0.21904761904761905,0.8,0.5,0.49900437924113805,1.358733403182814,-0.0007476133474327079,-0.02432139758147737,-1.717057002340461,0.031006356658750317,1,1
TRADER003,17,2026-01-17 10:00:00,2026-01-17 10:18:00,GBP/JPY,BUY,7.16526415813921,1.2464970439735987,1.2418888306798013,1.245034399851455,1.2479655662302143,-2.6295056028036754,-0.2571428571428571,0.0,0.5,-22.403060003616257,-0.6418222913572639,0.980400142542122,0.9568338726985395,-0.982143552393673,-0.9962520938768058,0,1
TRADER002,5,2026-01-16 13:20:00,2026-01-16 14:35:00,GBP/JPY,BUY,-1.0481360678813376,1.2446903081797576,1.2464647590456124,1.243271297094002,1.2462983562079493,-0.21940479269572571,0.2857142857142857,0.6,0.0,17.869148312115314,-0.04597209578889154,0.9665037190976652,0.9972741972016502,-0.9271299677155164,-0.12724853592514346,1,1
TRADER004,16,2026-01-24 14:00:00,2026-01-24 16:30:00,EUR/USD,SELL,-0.6488352060273443,-0.0012327359078308099,-0.0014083539899576092,-0.0011982535959273947,-0.001359740481145023,-4.3564543738657166e-05,1.0,0.8,0.5,-1.3751508204075085,-3.405291839201299,-0.010975395095364894,0.02157795501792813,0.8672831607533247,0.06983482932247967,1,0
TRADER004,14,2026-01-23 14:15:00,2026-01-23 16:45:00,GBP/USD,SELL,-0.6462124964743512,-1.4254502777325684e-05,-7.071855712696846e-05,5.652773145737288e-05,6.0748573979563255e-05,-2.626303490494059e-05,1.0,0.8,0.0,-0.6163617261131457,-1.3104041658644037,-0.0006828966543426915,-0.024787124448375133,-1.7337346534357656,0.06904733677438114,1,0
TRADER001,1,2026-01-15 09:30:00,2026-01-15 10:15:00,EUR/USD,BUY,0.039170888361789655,-0.0012469661321139027,-0.0011559142233531557,-0.0013560605414138927,-0.001041959878314564,0.10986982519565304,0.0,-0.2,-0.5,0.3077775024829255,0.8741107502495853,-0.006099214609383167,0.013099071719113141,-0.07190339523718697,0.016338884671732213,1,1
TRADER002,13,2026-01-22 13:25:00,2026-01-22 14:40:00,GBP/USD,SELL,-1.4361199173325052,7.80542740193138e-05,5.2697828849856845e-05,1.8417398429093923e-05,1.9292597144408998e-05,-0.712122261509028,0.2857142857142857,0.6,-0.5,-0.41952143897973426,-0.8755900096481954,-0.020278620119430844,0.0007957863005832175,1.4174375903891998,-1.0993707932154726,0,0
TRADER005,10,2026-01-19 10:15:00,2026-01-19 11:00:00,EUR/USD,SELL,0.07423623934494479,-0.001278044061315201,-0.0012391824321778683,-0.0011623786532669073,-0.001225876658505483,0.2192006952561737,0.0,0.0,-2.0,-0.021778807158924485,0.03641193674073253,0.01333449779501495,-0.03139273903913096,-1.9662741595862099,0.10745606247146733,1,0
TRADER005,8,2026-01-18 09:20:00,2026-01-18 10:05:00,GBP/USD,SELL,0.23191899666328833,-0.00010174049361354443,-2.021469955767975e-05,0.00010669908147109843,5.5154571230069506e-05,0.21923930984765044,0.0,-0.2,1.0,0.25403265440015815,0.5946329982457877,0.040542908973558583,-0.0006069518721477368,-1.5268808469256037,0.07262655944576311,1,0
TRADER002,3,2026-01-15 14:30:00,2026-01-15 15:45:00,USD/JPY,BUY,-1.5849462266817134,0.9969935000446144,0.9988095892342462,0.9951284013703394,0.9988782661200606,-0.2191671711400507,0.2857142857142857,0.8,-0.5,16.752814899239482,-0.000817308400981967,0.9845221788919191,0.9659534544315586,-0.977056977445792,0.09743108881881193,1,1
TRADER004,15,2026-01-24 09:30:00,2026-01-24 12:00:00,USD/JPY,BUY,-0.6214505852035058,0.9985962597866109,1.001243912378556,0.9968856294791644,1.0039088127183962,0.0002458047084840832,1.0,-0.2,0.5,22.009901367069393,0.09555068261286698,0.9390545387357274,1.9804781658944768,0.13187830579394438,0.061859507101719634,1,1
TRADER004,3,2026-01-16 09:30:00,2026-01-16 12:00:00,USD/JPY,BUY,-0.44606763280864953,0.9973486137646533,0.9997530709727777,0.9954559673010486,1.0025087124382244,0.00010831168876817058,1.0,-0.2,0.0,20.468100127548144,0.06761356033181619,0.992929576362196,1.9348187325018096,-0.024355699360327682,0.013734549864801037,1,1
TRADER005,8,2026-01-18 09:20:00,2026-01-18 10:05:00,GBP/USD,SELL,0.3811384011249705,-6.627602016597222e-05,9.973794682052713e-06,0.00014005287303893308,-8.287333789733044e-05,0.21904276693729735,0.0,-0.2,1.0,0.22093235462555877,0.5182969056503478,0.03989489535231365,-0.011608686142494735,-1.682389057243356,0.04307125709699069,1,0
TRADER001,8,2026-01-16 13:40:00,2026-01-16 14:25:00,EUR/USD,BUY,0.29623496754029055,-0.0011962353694094598,-0.001089737643198091,-0.0014272877000380863,-0.0011159222648064431,-0.9860277276227906,0.0,0.6,0.0,0.40554159789521826,1.1131318953638816,0.030412427425949275,-0.023756642271251592,-1.8404669175002764,-0.9338519792660187,0,1
TRADER004,4,2026-01-16 14:00:00,2026-01-16 16:30:00,EUR/USD,SELL,-0.4499711464487315,-0.0012123075641786898,-0.0012343437176600015,-0.0010997619778001476,-0.0012196911304021367,0.00011191194193804291,1.0,0.8,0.0,-0.40575086530326926,-0.9398499551469567,0.01237045562865909,-0.01381014622180757,-1.5452156898011797,0.014713785234774585,1,0
TRADER003,1,2026-01-15 09:15:00,2026-01-15 09:32:00,EUR/USD,BUY,2.826111285794542,-0.001193127885113795,-0.001167962010710504,-0.001366998354347316,-0.0010919828298613906,0.657411044264825,-0.26666666666666666,-0.2,-0.5,-0.10774265513067659,-0.18492333110086945,0.013305912467874818,-0.01759402419527818,-1.6431083079532087,-0.01346749722491208,1,1
TRADER004,16,2026-01-24 14:00:00,2026-01-24 16:30:00,EUR/USD,SELL,-0.6025728540398632,-0.0012442014289264342,-0.001279501391559519,-0.0012116914044999585,-0.0013017711609502691,0.00010309114826771488,1.0,0.8,0.5,-0.48963899100707425,-1.156126063315006,-0.01156013045455874,0.0010473421996567958,-0.17136947226199506,0.05608009139273709,1,0
TRADER002,1,2026-01-15 09:00:00,2026-01-15 10:30:00,EUR/USD,BUY,-1.1770254303574723,-0.0011814785048923021,-0.0010846406336977711,-0.0013965338576120694,-0.0010270597253979109,-0.1642649316724431,0.42857142857142855,-0.2,-0.5,0.34465848724269027,0.9566167778486863,0.025633247081764246,-0.001832617121493111,-1.4292243245477734,0.007756391396441255,1,1
TRADER003,2,2026-01-15 09:45:00,2026-01-15 09:58:00,GBP/USD,SELL,2.7600662966646783,-5.848242739143492e-05,9.190428303794987e-05,-4.584311415656943e-05,0.00013939998163876505,-1.5339389841892817,-0.3047619047619048,-0.2,-0.5,0.6888684972109567,1.5420152858342018,-0.018057781317876675,0.011535111082968149,1.698620239687495,-0.9571895985340007,0,0
TRADER005,20,2026-01-26 09:40:00,2026-01-26 10:25:00,GBP/USD,SELL,0.5981709878510267,6.520404989572581e-05,3.68298187238601e-05,7.207048348969786e-05,-1.2191092111991712e-05,0.21922162199715664,0.0,-0.2,-2.0,-0.4386388361606463,-0.9176837628255597,-0.01984258781722329,0.006312637602376398,1.8222900543019969,0.005618812281297497,1,0
TRADER004,11,2026-01-22 09:15:00,2026-01-22 11:45:00,GBP/JPY,BUY,-0.5955068993781113,1.2443586911666569,1.239863729253008,1.2430327520327644,1.2460201102087218,-0.8766146258709878,1.0,-0.2,-0.5,-21.700213809378393,-0.6319736145607154,0.938503416953719,1.012907554636747,-0.8804661900719881,-1.0187774743844167,0,1
TRADER003,7,2026-01-15 14:50:00,2026-01-15 15:08:00,GBP/USD,BUY,7.550939583521743,3.5821071148886494e-05,7.72248328359761e-05,-0.00010672286113066218,0.00016494955335500665,-2.6295523315771687,-0.2571428571428571,0.8,-0.5,0.0015804101314755132,0.03343781000057738,0.004506255655299818,-0.008756271280674984,-1.2988273373553165,-0.9764151629098632,0,1
TRADER003,9,2026-01-15 15:35:00,2026-01-15 16:10:00,EUR/USD,BUY,36.88556333445514,-0.0011566865271390259,-0.001120144202265834,-0.001282011702841319,-0.0012115351859627308,8.327305788239768,-0.09523809523809523,1.0,-0.5,-0.03574070744362068,-0.004451941923137097,-0.0012011337612854946,0.00020258352100916332,-0.8494828695520463,0.019630406891216444,1,1
TRADER003,4,2026-01-15 10:22:00,2026-01-15 10:35:00,USD/JPY,SELL,17.03349102155599,0.9970872273440855,0.9923729990372709,1.0021660384821613,0.9890185602155694,-5.697473966673859,-0.3047619047619048,0.0,-0.5,-24.460800757674505,-0.7613690869717642,1.0329247751340456,1.9142917359587173,-0.1173359909670133,-1.0905888150922343,0,0
TRADER001,17,2026-01-22 09:20:00,2026-01-22 10:05:00,EUR/USD,BUY,-0.27428501702536673,-0.0011381283594726547,-0.0012213063642515952,-0.0012119378121396012,-0.0010987395548495192,-0.9861714441727948,0.0,-0.2,-0.5,-0.7912162824760981,-1.9006750331386797,-0.016605223198374215,-0.027677298733911344,-1.6661985247632565,-1.0531862359330688,0,1
TRADER002,10,2026-01-19 10:20:00,2026-01-19 11:35:00,GBP/JPY,SELL,-1.2099496391528004,1.2461739235547438,1.241753465211547,1.2513306465524752,1.23750440432435,-0.16431205960031917,0.2857142857142857,0.0,-2.0,-21.219900087972142,-0.6244082562081636,0.9401427409261514,1.9782009776670577,0.12713397871119642,0.020833781936112475,1,0
TRADER004,5,2026-01-17 09:15:00,2026-01-17 11:45:00,GBP/JPY,BUY,-0.18931587328542332,1.2451378631519603,1.2474249612950425,1.2437469297439994,1.2499518857059733,-0.00013173332160428146,1.0,-0.2,0.5,21.107059517016612,0.0018603516410598724,0.9583118875347115,1.9456685617809486,0.05509803998919788,-0.04320383177646295,1,1
TRADER005,11,2026-01-19 14:05:00,2026-01-19 14:50:00,GBP/JPY,BUY,0.5009388392762274,1.2447692738640976,1.2470445445625138,1.2432856506804506,1.249665068306578,0.2191009918155219,0.0,0.8,-2.0,21.030361928511706,0.000817308400981967,0.9858715023400341,1.9696847899545225,0.024014878722025467,0.021682216392339155,1,1
TRADER004,8,2026-01-18 14:15:00,2026-01-18 16:45:00,GBP/USD,SELL,-0.23299253780146187,9.542633389524677e-05,-8.241537838466868e-05,2.465707180264296e-05,-3.3806114643109216e-05,2.9242854436749193e-05,1.0,0.8,1.0,-1.3817896798776124,-2.943640183535344,-0.016939878878896364,0.02163008449078432,2.167883837689062,-0.034332047782031104,1,0
TRADER004,19,2026-01-26 09:00:00,2026-01-26 11:30:00,EUR/USD,BUY,-0.43001304294224824,-0.0012106117618686312,-0.0011728862850529324,-0.001284025429747036,-0.0010934265904509843,-0.8762510829305581,1.0,-0.2,-2.0,-0.028573843127440372,0.015978499479787522,-0.016757418543622452,-0.012858032752970962,-0.5285292867988368,-0.9741050265653833,0,1
TRADER003,15,2026-01-16 14:48:00,2026-01-16 15:05:00,USD/JPY,BUY,16.704841324491337,0.9985578781723896,0.9936733230197866,0.9967499633441939,1.0005050084785396,-5.697577569634738,-0.26666666666666666,0.8,0.0,-25.52757922811389,-0.7803709270220627,0.9681427332371194,0.9851128192055956,-0.9412111556118228,-1.1010451173635991,0,1
TRADER001,3,2026-01-15 11:05:00,2026-01-15 11:28:00,GBP/JPY,BUY,5.119206033993685,1.2422130517065593,1.2321880832270187,1.2474140647096297,1.2233125152545652,-1.8627446547080553,-0.20952380952380953,0.2,-0.5,-56.613135769790766,-1.1505124651966074,0.9552397002310622,5.005907048475687,3.2126150412767487,-0.9069050915685519,0,1
TRADER005,20,2026-01-26 09:40:00,2026-01-26 10:25:00,GBP/USD,SELL,0.26072307277397855,4.883828453744393e-05,-1.8406150740566395e-05,2.696693395466593e-06,-4.013462455970219e-05,0.21898062333282212,0.0,-0.2,-2.0,-0.6840475757528268,-1.4494080259305886,-0.024329825428203496,0.009744321844470244,5.432274259728564,0.06648232967712818,1,0
TRADER001,12,2026-01-18 09:30:00,2026-01-18 10:15:00,USD/JPY,BUY,-0.15923011318576138,0.9994099379763545,1.0015353974357095,0.9976052080019394,1.0013178785100092,0.05487774578918811,0.0,-0.2,1.0,18.718766631154168,0.03462896063020252,0.9675869927406066,0.9739114334013664,-0.9520269135178662,0.005404548992128935,1,1
TRADER004,5,2026-01-17 09:15:00,2026-01-17 11:45:00,GBP/JPY,BUY,-0.4394626089757784,1.2450732189309435,1.2474334099431863,1.2437134676348032,1.2500503030858119,0.00011681343763883581,1.0,-0.2,0.5,21.568003282650338,0.008699850714404692,0.948952534209903,1.9938656633046627,0.12445266009337808,0.012102797655989617,1,1
TRADER002,12,2026-01-22 09:50:00,2026-01-22 11:05:00,EUR/USD,BUY,-1.2558134594436208,-0.0012173505495675803,-0.001264475426115321,-0.0013079961290645412,-0.001080082585092196,-0.7121589022933488,0.2857142857142857,-0.2,-0.5,-0.5641188838149026,-1.3419211915314613,-0.011605027389619136,-0.006921481733684635,-0.6061398414867374,-1.0051444636515583,0,1
TRADER005,13,2026-01-22 13:40:00,2026-01-22 14:25:00,EUR/USD,BUY,0.5039597122675706,-0.001321524894402883,-0.0012034915534384581,-0.0013584363657899888,-0.0011232959853976936,0.21930989527313854,0.0,0.6,-0.5,0.4776475812711152,1.323412595396089,-0.027730026752476333,0.01106056081154889,17.043866491499923,0.02132429950116291,1,1
TRADER004,2,2026-01-15 14:15:00,2026-01-15 16:45:00,GBP/USD,SELL,-0.3857151167323646,-8.25376285924665e-06,-6.33455631880489e-05,3.847818746673783e-06,-5.5517642894164815e-05,-0.00010618269026009826,1.0,0.8,-0.5,-0.6076677462184694,-1.2907799726282343,-0.018242072758932967,-0.0025653388965923697,0.5409164564657734,-0.0011053812456628647,1,0
TRADER004,18,2026-01-25 14:30:00,2026-01-25 17:00:00,USD/JPY,SELL,-0.3278395545010144,1.0002468757233314,0.9960383343283922,1.005422925805223,0.9921268044955874,1.8121683875602677e-05,1.0,0.8,1.0,-21.251717470338523,-0.7009321085559714,1.0605446015294615,1.9280513576662832,-0.15157738153906922,-0.014185536222014204,1,0
TRADER004,20,2026-01-26 14:15:00,2026-01-26 16:45:00,GBP/USD,SELL,-0.4351731845166085,-9.761962994305223e-05,6.65199805583065e-05,5.437914135427788e-05,0.00014439719931118466,-0.8765156565931408,1.0,0.8,-2.0,0.7754478880463085,1.7410531814175036,0.023654738516466954,0.024570301408233745,-0.9100015181761484,-0.9756713275970034,0,0
TRADER005,16,2026-01-24 09:50:00,2026-01-24 10:35:00,EUR/USD,SELL,0.5395928855601935,-0.001145378974501205,-0.0011438694154945763,-0.001340057448392949,-0.0012544899543493991,-1.0954813753631498,0.0,-0.2,0.5,-0.2567765292242258,-0.5600356002826439,0.019553612662605826,0.01624588712249859,-0.9922867031056225,-0.9797557348934964,0,0
TRADER002,4,2026-01-16 09:45:00,2026-01-16 10:50:00,EUR/USD,SELL,-0.8030634546567817,-0.001153704733623222,-0.0011755867856794026,-0.0012132807683625341,-0.0012438206418114283,-0.16433913166959288,0.19047619047619047,-0.2,0.0,-0.4044520128095052,-0.9316064434134206,-0.02087091004607172,0.010631762505629595,2.7286009193815914,-0.10460205720372548,1,0
TRADER005,9,2026-01-18 13:50:00,2026-01-18 14:35:00,USD/JPY,BUY,0.778102896990987,0.9986510011168915,1.0011438627951685,0.9967814704957177,1.003966974493545,0.21898750578737933,0.0,0.6,1.0,21.033289794275078,0.07753486385524172,0.9866206648608925,1.9815147959020942,0.03434754310940032,-0.02186395346901157,1,1
TRADER001,19,2026-01-22 14:25:00,2026-01-22 15:10:00,EUR/USD,BUY,0.18756076179329978,-0.0012823450403311586,-0.0012023776509220263,-0.0012089731955877154,-0.0012019370152524076,0.10966749724013637,0.0,0.8,-0.5,0.23762390585383183,0.7003896221473185,0.0006828966543426915,-0.02376790868974092,-1.7107736270002574,-0.012042833776329007,1,1
TRADER005,16,2026-01-24 09:50:00,2026-01-24 10:35:00,EUR/USD,SELL,0.31108864269948694,-0.001230665281463981,-0.001127227601248775,-0.0011801104295748783,-0.0012709005744515529,-1.09574308927576,0.0,-0.2,0.5,0.3860373385143793,1.0702990876927025,-0.006167695011880616,-0.004085626212218493,-0.7975569348953414,-1.021351608946947,0,0
TRADER004,9,2026-01-19 09:30:00,2026-01-19 12:00:00,USD/JPY,BUY,0.02584699848324124,0.9983866491487849,1.000787164965202,0.9965148066770096,1.0036109737164765,4.166606882805774e-05,1.0,-0.2,-2.0,20.449004769612532,0.06686936100367988,0.9871891294025082,1.954288234044111,0.006069601890896153,-0.0814288366668146,1,1
TRADER004,7,2026-01-18 09:00:00,2026-01-18 11:30:00,EUR/USD,BUY,-0.5639228341612673,-0.001172431959056057,-0.001196122496151607,-0.0013359269887786432,-0.0011282862055292631,9.031341849874458e-05,1.0,-0.2,1.0,-0.41596999202040025,-0.9622129264840441,0.010211380906967174,-0.029068528546487303,-1.9069954352008598,0.04494719570625044,1,1
TRADER005,14,2026-01-23 10:20:00,2026-01-23 11:05:00,GBP/USD,SELL,0.7243448441455427,-6.122562813277197e-06,1.3926862734248614e-05,-2.6673482722802964e-05,-4.474943688242466e-05,0.21918558904750793,0.0,0.0,0.0,-0.1334246015787824,-0.25861923785913865,-0.02801220932095938,-0.005120768838931324,11.523962999867043,-0.013889502310196674,1,0
TRADER003,13,2026-01-16 14:05:00,2026-01-16 14:22:00,EUR/USD,BUY,2.151477919754927,-0.0012270243408328135,-0.0013137340965416167,-0.0012796975789815667,-0.0010108256096937314,-1.5338923863197664,-0.26666666666666666,0.8,0.0,-0.8140008209293011,-1.9778511403632524,-0.022970296365957304,0.016418437495455983,4.9639196110034085,-1.020168048651014,0,1
TRADER005,6,2026-01-17 10:00:00,2026-01-17 10:45:00,USD/JPY,SELL,0.44669161475582425,0.9995980524379892,0.9955297151448184,1.0047469118186836,0.9915088260521425,0.2190963542163293,0.0,0.0,0.5,-20.37047389700139,-0.684960580004451,1.052711945524476,1.919225194692725,-0.14665836366073393,0.031164161517074514,1,0
TRADER005,13,2026-01-22 13:40:00,2026-01-22 14:25:00,EUR/USD,BUY,0.4086330187643738,-0.00115986432877002,-0.0011179065531907533,-0.00144088850444705,-0.0011929416593267966,0.21894406533753005,0.0,0.6,-0.5,-0.0015804101314755132,0.0816400095288254,0.04538021242506916,-0.006234990725496387,-1.631350291547692,0.03791437548200933,1,1
TRADER004,11,2026-01-22 09:15:00,2026-01-22 11:45:00,GBP/JPY,BUY,-0.2763475944045228,1.2444121479231005,1.2398252980972295,1.2429839876436428,1.246085759951447,-0.8764358236138998,1.0,-0.2,-0.5,-22.279839133572064,-0.6405446178565593,0.9691113794553208,1.016538139643589,-0.9103031818250201,-0.939300974067723,0,1
TRADER002,10,2026-01-19 10:20:00,2026-01-19 11:35:00,GBP/JPY,SELL,-0.8846239441009217,1.246238272459649,1.2417467839307497,1.2514739595036324,1.2374650856977552,-0.1642538365029872,0.2857142857142857,0.0,-2.0,-21.667827490738453,-0.6310167136405175,0.9637376190779873,2.008831993296782,0.10849973812819959,-0.08461618171881298,1,0
TRADER004,10,2026-01-19 14:00:00,2026-01-19 16:30:00,EUR/USD,SELL,-0.36381861736446724,-0.0012300311926513408,-0.0011404640861719666,-0.0011850705618360927,-0.0011989637549450222,-0.8766099475726913,1.0,0.8,-2.0,0.29850090884889474,0.8477913573316129,-0.007841698363346965,-0.025174208475728304,-1.673624708977847,-0.9587830601261386,0,0
TRADER003,2,2026-01-15 09:45:00,2026-01-15 09:58:00,GBP/USD,SELL,2.7227396941603916,-8.870168102955174e-05,5.599324400066698e-05,1.3982079351632606e-06,-0.00010465584767591727,-1.5338211372893211,-0.3047619047619048,-0.2,-0.5,0.6527782490434223,1.469354895635578,0.005131356277283404,-0.011788657349924373,-1.398384984850231,-0.9605743022823164,0,0
TRADER004,5,2026-01-17 09:15:00,2026-01-17 11:45:00,GBP/JPY,BUY,-0.3991624817164822,1.2450836773937248,1.2474332008739717,1.2436892952246157,1.2499989955992414,6.0953083663360965e-05,1.0,-0.2,0.5,21.50073658884554,0.007701439210456644,0.9593184512105849,1.9756027200448767,0.08372953424618217,0.0022569564908700057,1,1
TRADER001,5,2026-01-15 15:45:00,2026-01-15 16:30:00,USD/JPY,SELL,0.017634614311344724,0.9973616408985964,1.0005223860046688,1.0023248512932554,0.9925006399187258,-1.095558104160915,0.0,1.0,-0.5,25.241256577961803,0.1556645676107566,0.9982108541891395,0.9654761627434926,-0.9908103192551742,-1.0856575977227534,0,0
TRADER003,12,2026-01-16 10:15:00,2026-01-16 10:30:00,USD/JPY,SELL,2.5718184668572945,0.9997888101477106,0.9953859930676242,1.0045410168383477,0.9913356476543539,0.6574057980785437,-0.2857142857142857,0.0,0.0,-22.480380514876103,-0.7237203863371795,0.9339504478530335,2.02677475239534,0.19175811508534185,0.010339816813871042,1,0
TRADER004,12,2026-01-22 14:30:00,2026-01-22 17:00:00,USD/JPY,SELL,-0.7125574688645889,0.9993568463953729,0.9952283300079466,1.0042537397089588,0.9911912518612743,3.088983535638485e-05,1.0,0.8,-0.5,-20.751619157750497,-0.6920671257646114,0.9774398613586609,1.9419218174709776,0.012785068300019548,0.09035131142634818,1,0
